alg,5 cities,25 cities,50 cities,100 cities
aco,206.88129958089388,439.6202155300736,594.7410980486595,823.7053293590876
antq,205.9858813331519,433.3009392628189,586.9002685118872,849.1064652092491
pso,205.87447030959743,435.28850433998224,608.1841154335225,960.4688427698344
