alg,oliver30,berlin52,kroa100,ch130
aco,439.6460993346834,7663.585128495864,22457.41341190737,6482.099620822299
antq,423.91168832847694,7783.87842052327,23630.953335548827,7254.031199051919
pso,429.38029801260706,7759.270720513786,28414.46694596914,10246.568867813874
optimal,420,7542,21282,6110